{
  "name": "cba",
  "items": [
    {
      "name": "2Lorem ipsum",
      "type": "0"
    },
    {
      "name": "2dolor sit",
      "type": "1"
    },
    {
      "name": "2amet consectetur",
      "type": "3"
    },
    {
      "name": "2adipisicing",
      "type": "2"
    },
    {
      "name": "2elit",
      "type": "4"
    },
    {
      "name": "2maxime",
      "type": "9"
    },
    {
      "name": "2odio",
      "type": "0"
    },
    {
      "name": "2sequi",
      "type": "1"
    },
    {
      "name": "2mollitia",
      "type": "3"
    },
    {
      "name": "2magni",
      "type": "2"
    },
    {
      "name": "2facilis",
      "type": "4"
    },
    {
      "name": "2veniam",
      "type": "9"
    },
    {
      "name": "2Nesciunt",
      "type": "0"
    },
    {
      "name": "2ipsam veniam",
      "type": "3"
    },
    {
      "name": "2consequuntur",
      "type": "2"
    },
    {
      "name": "2soluta",
      "type": "4"
    },
    {
      "name": "2animi",
      "type": "9"
    },
    {
      "name": "2obcaecati",
      "type": "1"
    }
  ]
}