{
  "name": "abc",
  "items": [
    {
      "name": "Lorem ipsum",
      "type": "0"
    },
    {
      "name": "dolor sit",
      "type": "1"
    },
    {
      "name": "amet consectetur",
      "type": "3"
    },
    {
      "name": "adipisicing",
      "type": "2"
    },
    {
      "name": "elit",
      "type": "4"
    },
    {
      "name": "maxime",
      "type": "9"
    },
    {
      "name": "odio",
      "type": "0"
    },
    {
      "name": "sequi",
      "type": "1"
    },
    {
      "name": "mollitia",
      "type": "3"
    },
    {
      "name": "magni",
      "type": "2"
    },
    {
      "name": "facilis",
      "type": "4"
    },
    {
      "name": "veniam",
      "type": "9"
    },
    {
      "name": "Nesciunt",
      "type": "0"
    },
    {
      "name": "ipsam veniam",
      "type": "3"
    },
    {
      "name": "consequuntur",
      "type": "2"
    },
    {
      "name": "soluta",
      "type": "4"
    },
    {
      "name": "animi",
      "type": "9"
    },
    {
      "name": "obcaecati",
      "type": "1"
    }
  ]
}