{
  "name": "bbc",
  "items": [
    {
      "name": "1Lorem ipsum",
      "type": "0"
    },
    {
      "name": "1dolor sit",
      "type": "1"
    },
    {
      "name": "1amet consectetur",
      "type": "3"
    },
    {
      "name": "1adipisicing",
      "type": "2"
    },
    {
      "name": "1elit",
      "type": "4"
    },
    {
      "name": "1maxime",
      "type": "9"
    },
    {
      "name": "1odio",
      "type": "0"
    },
    {
      "name": "1sequi",
      "type": "1"
    },
    {
      "name": "1mollitia",
      "type": "3"
    },
    {
      "name": "1magni",
      "type": "2"
    },
    {
      "name": "1facilis",
      "type": "4"
    },
    {
      "name": "1veniam",
      "type": "9"
    },
    {
      "name": "1Nesciunt",
      "type": "0"
    },
    {
      "name": "1ipsam veniam",
      "type": "3"
    },
    {
      "name": "1consequuntur",
      "type": "2"
    },
    {
      "name": "1soluta",
      "type": "4"
    },
    {
      "name": "1animi",
      "type": "9"
    },
    {
      "name": "1obcaecati",
      "type": "1"
    }
  ]
}