{
"collections": ["abc", "bbc", "cba", "usa-today"],


// collections和colors长度一样，一个萝卜一个坑的对应
"colors": ["#1f77b4", "#ff7f0e", "#d62728", "#9467bd"],


// doc的数据结构和随后的请求返回的数据结构完全一致
// 即返回collection “abc” 对应的documents成员列表
"doc": {
// name为collections的一个成员，通常就是第一个
  "name": "abc",
  
// collection “abc” 对应的documents成员列表
  "items": [
    {
      "name": "Lorem ipsum",
      "type": "0" // 参照 高级检索初始化参数.xlsx
    },
    ...
  ]
}
}