{
  "name": "usa-today",
  "items": [
    {
      "name": "3Lorem ipsum",
      "type": "0"
    },
    {
      "name": "3dolor sit",
      "type": "1"
    },
    {
      "name": "3amet consectetur",
      "type": "3"
    },
    {
      "name": "3adipisicing",
      "type": "2"
    },
    {
      "name": "3elit",
      "type": "4"
    },
    {
      "name": "3maxime",
      "type": "9"
    },
    {
      "name": "3odio",
      "type": "0"
    },
    {
      "name": "3sequi",
      "type": "1"
    },
    {
      "name": "3mollitia",
      "type": "3"
    },
    {
      "name": "3magni",
      "type": "2"
    },
    {
      "name": "3facilis",
      "type": "4"
    },
    {
      "name": "3veniam",
      "type": "9"
    },
    {
      "name": "3Nesciunt",
      "type": "0"
    },
    {
      "name": "3ipsam veniam",
      "type": "3"
    },
    {
      "name": "3consequuntur",
      "type": "2"
    },
    {
      "name": "3soluta",
      "type": "4"
    },
    {
      "name": "3animi",
      "type": "9"
    },
    {
      "name": "3obcaecati",
      "type": "1"
    }
  ]
}